ville,date,temp_max,temp_min,precipitation,pluie,neige
Antananarivo,2022-07-19,18.1,11.0,0.3,0.3,0.0
Antananarivo,2022-07-20,17.4,11.1,0.5,0.5,0.0
Antananarivo,2022-07-21,16.7,10.2,2.0,2.0,0.0
Antananarivo,2022-07-22,17.8,8.6,0.5,0.5,0.0
Antananarivo,2022-07-23,18.2,11.2,0.6,0.6,0.0
Antananarivo,2022-07-24,18.9,11.5,0.0,0.0,0.0
Antananarivo,2022-07-25,19.8,8.7,0.0,0.0,0.0
Antananarivo,2022-07-26,20.9,8.9,0.0,0.0,0.0
Antananarivo,2022-07-27,20.2,10.5,0.0,0.0,0.0
Antananarivo,2022-07-28,22.7,7.5,0.0,0.0,0.0
Antananarivo,2022-07-29,18.3,12.1,0.0,0.0,0.0
Antananarivo,2022-07-30,19.8,12.7,0.9,0.9,0.0
Antananarivo,2022-07-31,20.6,9.9,0.0,0.0,0.0
Antananarivo,2022-08-01,21.1,9.5,0.0,0.0,0.0
Antananarivo,2022-08-02,20.8,10.5,0.0,0.0,0.0
Antananarivo,2022-08-03,19.7,10.2,0.3,0.3,0.0
Antananarivo,2022-08-04,20.1,11.3,0.1,0.1,0.0
Antananarivo,2022-08-05,21.0,8.4,0.0,0.0,0.0
Antananarivo,2022-08-06,22.2,8.7,0.0,0.0,0.0
Antananarivo,2022-08-07,21.4,7.9,0.0,0.0,0.0
Antananarivo,2022-08-08,20.1,7.0,0.0,0.0,0.0
Antananarivo,2022-08-09,18.7,8.4,0.0,0.0,0.0
Antananarivo,2022-08-10,19.1,9.3,0.8,0.8,0.0
Antananarivo,2022-08-11,17.6,9.3,0.0,0.0,0.0
Antananarivo,2022-08-12,18.8,10.7,0.1,0.1,0.0
Antananarivo,2022-08-13,19.4,7.7,0.0,0.0,0.0
Antananarivo,2022-08-14,20.3,8.8,0.0,0.0,0.0
Antananarivo,2022-08-15,21.9,8.3,0.0,0.0,0.0
Antananarivo,2022-08-16,25.8,11.2,0.0,0.0,0.0
Antananarivo,2022-08-17,23.7,11.2,0.0,0.0,0.0
Antananarivo,2022-08-18,24.6,11.5,0.0,0.0,0.0
Antananarivo,2022-08-19,23.7,9.0,0.0,0.0,0.0
Antananarivo,2022-08-20,23.4,8.8,0.0,0.0,0.0
Antananarivo,2022-08-21,26.4,9.3,0.0,0.0,0.0
Antananarivo,2022-08-22,20.5,11.1,0.0,0.0,0.0
Antananarivo,2022-08-23,22.1,7.9,0.0,0.0,0.0
Antananarivo,2022-08-24,20.0,9.9,0.3,0.3,0.0
Antananarivo,2022-08-25,18.8,10.1,0.3,0.3,0.0
Antananarivo,2022-08-26,19.1,10.6,0.6,0.6,0.0
Antananarivo,2022-08-27,19.6,8.9,0.0,0.0,0.0
Antananarivo,2022-08-28,20.3,10.7,0.7,0.7,0.0
Antananarivo,2022-08-29,25.0,9.5,0.0,0.0,0.0
Antananarivo,2022-08-30,25.3,13.2,0.0,0.0,0.0
Antananarivo,2022-08-31,26.3,14.0,0.0,0.0,0.0
Antananarivo,2022-09-01,22.7,9.6,0.0,0.0,0.0
Antananarivo,2022-09-02,22.8,9.8,0.0,0.0,0.0
Antananarivo,2022-09-03,23.0,11.4,0.0,0.0,0.0
Antananarivo,2022-09-04,21.6,11.3,0.0,0.0,0.0
Antananarivo,2022-09-05,18.9,11.1,0.5,0.5,0.0
Antananarivo,2022-09-06,20.8,12.1,0.4,0.4,0.0
Antananarivo,2022-09-07,22.4,9.1,0.0,0.0,0.0
Antananarivo,2022-09-08,22.1,10.6,0.0,0.0,0.0
Antananarivo,2022-09-09,23.0,11.1,0.0,0.0,0.0
Antananarivo,2022-09-10,22.3,8.9,0.0,0.0,0.0
Antananarivo,2022-09-11,23.1,11.3,0.0,0.0,0.0
Antananarivo,2022-09-12,22.4,10.0,0.0,0.0,0.0
Antananarivo,2022-09-13,25.3,7.0,0.0,0.0,0.0
Antananarivo,2022-09-14,22.7,11.3,0.0,0.0,0.0
Antananarivo,2022-09-15,20.1,8.3,0.0,0.0,0.0
Antananarivo,2022-09-16,21.5,10.4,0.0,0.0,0.0
Antananarivo,2022-09-17,21.3,9.9,0.0,0.0,0.0
Antananarivo,2022-09-18,22.5,11.5,0.0,0.0,0.0
Antananarivo,2022-09-19,21.7,12.9,0.0,0.0,0.0
Antananarivo,2022-09-20,21.7,10.8,0.5,0.5,0.0
Antananarivo,2022-09-21,21.3,11.3,0.0,0.0,0.0
Antananarivo,2022-09-22,21.6,12.0,0.6,0.6,0.0
Antananarivo,2022-09-23,23.5,9.8,0.0,0.0,0.0
Antananarivo,2022-09-24,24.4,12.5,0.1,0.1,0.0
Antananarivo,2022-09-25,23.4,11.5,0.0,0.0,0.0
Antananarivo,2022-09-26,22.7,12.6,0.1,0.1,0.0
Antananarivo,2022-09-27,24.0,11.2,0.0,0.0,0.0
Antananarivo,2022-09-28,22.9,9.4,0.0,0.0,0.0
Antananarivo,2022-09-29,22.2,10.4,0.0,0.0,0.0
Antananarivo,2022-09-30,24.5,11.4,0.0,0.0,0.0
Antananarivo,2022-10-01,26.0,9.4,0.0,0.0,0.0
Antananarivo,2022-10-02,26.6,10.4,0.0,0.0,0.0
Antananarivo,2022-10-03,28.5,11.5,0.0,0.0,0.0
Antananarivo,2022-10-04,28.9,10.4,0.0,0.0,0.0
Antananarivo,2022-10-05,29.1,9.3,0.0,0.0,0.0
Antananarivo,2022-10-06,27.4,9.7,0.0,0.0,0.0
Antananarivo,2022-10-07,26.2,11.7,0.0,0.0,0.0
Antananarivo,2022-10-08,25.8,10.9,0.0,0.0,0.0
Antananarivo,2022-10-09,24.1,12.1,0.0,0.0,0.0
Antananarivo,2022-10-10,26.4,9.3,0.0,0.0,0.0
Antananarivo,2022-10-11,27.2,8.7,0.0,0.0,0.0
Antananarivo,2022-10-12,25.1,9.4,0.0,0.0,0.0
Antananarivo,2022-10-13,24.9,11.6,0.0,0.0,0.0
Antananarivo,2022-10-14,23.1,11.4,0.1,0.1,0.0
Antananarivo,2022-10-15,23.7,10.6,0.0,0.0,0.0
Antananarivo,2022-10-16,27.6,11.4,0.0,0.0,0.0
Antananarivo,2022-10-17,26.0,13.6,0.0,0.0,0.0
Antananarivo,2022-10-18,25.5,11.2,0.0,0.0,0.0
Antananarivo,2022-10-19,25.3,11.9,0.0,0.0,0.0
Antananarivo,2022-10-20,25.4,13.3,0.0,0.0,0.0
Antananarivo,2022-10-21,25.9,14.7,0.0,0.0,0.0
Antananarivo,2022-10-22,29.1,13.3,0.1,0.1,0.0
Antananarivo,2022-10-23,30.2,12.9,2.2,2.2,0.0
Antananarivo,2022-10-24,29.0,14.3,0.0,0.0,0.0
Antananarivo,2022-10-25,28.4,15.0,0.7,0.7,0.0
Antananarivo,2022-10-26,27.7,15.5,0.2,0.2,0.0
Antananarivo,2022-10-27,28.1,15.4,0.2,0.2,0.0
Antananarivo,2022-10-28,28.2,15.2,0.1,0.1,0.0
Antananarivo,2022-10-29,27.5,15.6,22.4,22.4,0.0
Antananarivo,2022-10-30,24.3,15.4,1.9,1.9,0.0
Antananarivo,2022-10-31,24.7,14.3,0.0,0.0,0.0
Antananarivo,2022-11-01,25.9,14.8,0.0,0.0,0.0
Antananarivo,2022-11-02,26.3,16.2,0.0,0.0,0.0
Antananarivo,2022-11-03,26.7,14.2,2.3,2.3,0.0
Antananarivo,2022-11-04,25.9,14.7,6.8,6.8,0.0
Antananarivo,2022-11-05,26.4,14.8,0.1,0.1,0.0
Antananarivo,2022-11-06,26.7,15.5,0.0,0.0,0.0
Antananarivo,2022-11-07,26.3,14.9,0.0,0.0,0.0
Antananarivo,2022-11-08,26.6,15.2,6.5,6.5,0.0
Antananarivo,2022-11-09,26.6,12.6,4.0,4.0,0.0
Antananarivo,2022-11-10,26.4,14.9,0.3,0.3,0.0
Antananarivo,2022-11-11,27.2,14.6,0.1,0.1,0.0
Antananarivo,2022-11-12,26.9,14.2,0.5,0.5,0.0
Antananarivo,2022-11-13,27.2,15.3,0.9,0.9,0.0
Antananarivo,2022-11-14,27.6,15.8,0.3,0.3,0.0
Antananarivo,2022-11-15,26.2,16.1,0.9,0.9,0.0
Antananarivo,2022-11-16,25.8,16.4,11.2,11.2,0.0
Antananarivo,2022-11-17,25.2,15.9,10.8,10.8,0.0
Antananarivo,2022-11-18,26.0,14.3,1.0,1.0,0.0
Antananarivo,2022-11-19,27.2,13.8,0.5,0.5,0.0
Antananarivo,2022-11-20,26.0,15.7,4.2,4.2,0.0
Antananarivo,2022-11-21,26.9,15.7,2.2,2.2,0.0
Antananarivo,2022-11-22,24.6,15.2,16.9,16.9,0.0
Antananarivo,2022-11-23,24.2,14.0,4.7,4.7,0.0
Antananarivo,2022-11-24,24.8,14.7,5.1,5.1,0.0
Antananarivo,2022-11-25,25.1,13.4,0.2,0.2,0.0
Antananarivo,2022-11-26,25.4,13.5,0.0,0.0,0.0
Antananarivo,2022-11-27,26.3,12.6,0.0,0.0,0.0
Antananarivo,2022-11-28,28.0,15.2,0.0,0.0,0.0
Antananarivo,2022-11-29,27.5,14.4,10.8,10.8,0.0
Antananarivo,2022-11-30,26.1,14.7,19.1,19.1,0.0
Antananarivo,2022-12-01,25.9,15.4,1.7,1.7,0.0
Antananarivo,2022-12-02,27.4,14.5,1.2,1.2,0.0
Antananarivo,2022-12-03,26.4,15.8,18.1,18.1,0.0
Antananarivo,2022-12-04,26.3,16.5,16.3,16.3,0.0
Antananarivo,2022-12-05,25.1,14.8,9.4,9.4,0.0
Antananarivo,2022-12-06,25.6,14.6,0.0,0.0,0.0
Antananarivo,2022-12-07,25.3,13.6,0.0,0.0,0.0
Antananarivo,2022-12-08,25.5,16.1,0.0,0.0,0.0
Antananarivo,2022-12-09,25.6,13.0,1.4,1.4,0.0
Antananarivo,2022-12-10,24.7,16.2,1.4,1.4,0.0
Antananarivo,2022-12-11,25.8,14.5,2.3,2.3,0.0
Antananarivo,2022-12-12,24.9,16.4,17.5,17.5,0.0
Antananarivo,2022-12-13,25.1,15.7,10.8,10.8,0.0
Antananarivo,2022-12-14,24.8,14.3,5.4,5.4,0.0
Antananarivo,2022-12-15,25.8,13.6,6.1,6.1,0.0
Antananarivo,2022-12-16,24.9,15.1,12.1,12.1,0.0
Antananarivo,2022-12-17,25.8,16.1,20.6,20.6,0.0
Antananarivo,2022-12-18,25.9,16.5,13.7,13.7,0.0
Antananarivo,2022-12-19,26.4,16.0,2.9,2.9,0.0
Antananarivo,2022-12-20,26.8,15.9,7.7,7.7,0.0
Antananarivo,2022-12-21,26.4,17.0,7.8,7.8,0.0
Antananarivo,2022-12-22,25.0,16.3,4.7,4.7,0.0
Antananarivo,2022-12-23,25.8,15.9,0.9,0.9,0.0
Antananarivo,2022-12-24,24.9,17.0,5.2,5.2,0.0
Antananarivo,2022-12-25,25.2,15.9,15.9,15.9,0.0
Antananarivo,2022-12-26,24.2,15.6,20.1,20.1,0.0
Antananarivo,2022-12-27,26.0,16.4,0.8,0.8,0.0
Antananarivo,2022-12-28,25.2,16.7,8.1,8.1,0.0
Antananarivo,2022-12-29,25.9,15.7,0.3,0.3,0.0
Antananarivo,2022-12-30,26.8,16.8,0.6,0.6,0.0
Antananarivo,2022-12-31,26.0,16.9,0.6,0.6,0.0
Antananarivo,2023-01-01,25.9,16.2,3.1,3.1,0.0
Antananarivo,2023-01-02,26.9,16.3,16.7,16.7,0.0
Antananarivo,2023-01-03,25.8,14.7,0.2,0.2,0.0
Antananarivo,2023-01-04,25.0,16.6,9.0,9.0,0.0
Antananarivo,2023-01-05,26.3,16.3,0.7,0.7,0.0
Antananarivo,2023-01-06,26.0,16.0,0.1,0.1,0.0
Antananarivo,2023-01-07,26.5,16.0,0.0,0.0,0.0
Antananarivo,2023-01-08,26.5,17.7,4.4,4.4,0.0
Antananarivo,2023-01-09,27.2,16.6,32.8,32.8,0.0
Antananarivo,2023-01-10,23.8,16.1,3.0,3.0,0.0
Antananarivo,2023-01-11,25.8,17.0,22.9,22.9,0.0
Antananarivo,2023-01-12,23.0,17.5,26.6,26.6,0.0
Antananarivo,2023-01-13,23.7,17.6,20.1,20.1,0.0
Antananarivo,2023-01-14,24.7,17.4,4.2,4.2,0.0
Antananarivo,2023-01-15,23.3,17.0,8.0,8.0,0.0
Antananarivo,2023-01-16,25.0,15.2,1.8,1.8,0.0
Antananarivo,2023-01-17,24.4,16.2,2.5,2.5,0.0
Antananarivo,2023-01-18,23.9,15.7,0.1,0.1,0.0
Antananarivo,2023-01-19,21.9,15.8,9.1,9.1,0.0
Antananarivo,2023-01-20,20.7,17.8,50.3,50.3,0.0
Antananarivo,2023-01-21,20.9,17.7,61.7,61.7,0.0
Antananarivo,2023-01-22,18.7,16.7,63.2,63.2,0.0
Antananarivo,2023-01-23,22.9,17.0,60.5,60.5,0.0
Antananarivo,2023-01-24,24.5,17.5,23.8,23.8,0.0
Antananarivo,2023-01-25,23.2,17.0,5.0,5.0,0.0
Antananarivo,2023-01-26,20.4,17.2,21.6,21.6,0.0
Antananarivo,2023-01-27,25.5,17.2,14.6,14.6,0.0
Antananarivo,2023-01-28,25.9,17.1,3.9,3.9,0.0
Antananarivo,2023-01-29,25.9,17.9,0.0,0.0,0.0
Antananarivo,2023-01-30,27.4,15.9,7.6,7.6,0.0
Antananarivo,2023-01-31,26.4,18.1,17.5,17.5,0.0
Antananarivo,2023-02-01,24.1,17.8,19.3,19.3,0.0
Antananarivo,2023-02-02,26.2,16.9,8.8,8.8,0.0
Antananarivo,2023-02-03,26.1,14.9,13.3,13.3,0.0
Antananarivo,2023-02-04,25.3,16.7,15.1,15.1,0.0
Antananarivo,2023-02-05,24.1,16.3,5.7,5.7,0.0
Antananarivo,2023-02-06,25.0,15.8,7.9,7.9,0.0
Antananarivo,2023-02-07,23.5,17.1,6.6,6.6,0.0
Antananarivo,2023-02-08,24.8,17.5,2.2,2.2,0.0
Antananarivo,2023-02-09,25.1,17.6,1.9,1.9,0.0
Antananarivo,2023-02-10,23.8,15.1,0.1,0.1,0.0
Antananarivo,2023-02-11,25.8,16.1,0.3,0.3,0.0
Antananarivo,2023-02-12,26.1,14.8,0.0,0.0,0.0
Antananarivo,2023-02-13,26.1,15.0,0.0,0.0,0.0
Antananarivo,2023-02-14,24.4,14.9,3.0,3.0,0.0
Antananarivo,2023-02-15,26.6,13.9,0.0,0.0,0.0
Antananarivo,2023-02-16,24.6,17.1,23.9,23.9,0.0
Antananarivo,2023-02-17,26.7,17.1,21.7,21.7,0.0
Antananarivo,2023-02-18,27.3,16.5,7.8,7.8,0.0
Antananarivo,2023-02-19,27.8,18.2,0.4,0.4,0.0
Antananarivo,2023-02-20,26.9,17.5,0.0,0.0,0.0
Antananarivo,2023-02-21,26.2,15.5,6.1,6.1,0.0
Antananarivo,2023-02-22,26.7,17.8,5.6,5.6,0.0
Antananarivo,2023-02-23,24.5,17.1,20.5,20.5,0.0
Antananarivo,2023-02-24,26.0,16.9,0.5,0.5,0.0
Antananarivo,2023-02-25,26.0,14.2,0.1,0.1,0.0
Antananarivo,2023-02-26,26.2,15.4,0.0,0.0,0.0
Antananarivo,2023-02-27,25.9,13.9,0.4,0.4,0.0
Antananarivo,2023-02-28,25.4,15.4,2.1,2.1,0.0
Antananarivo,2023-03-01,25.9,14.8,12.8,12.8,0.0
Antananarivo,2023-03-02,26.0,16.2,7.5,7.5,0.0
Antananarivo,2023-03-03,25.8,16.5,12.2,12.2,0.0
Antananarivo,2023-03-04,24.5,16.8,8.8,8.8,0.0
Antananarivo,2023-03-05,23.1,17.4,8.9,8.9,0.0
Antananarivo,2023-03-06,24.7,17.7,3.6,3.6,0.0
Antananarivo,2023-03-07,26.0,17.2,2.6,2.6,0.0
Antananarivo,2023-03-08,25.9,17.5,8.8,8.8,0.0
Antananarivo,2023-03-09,25.3,15.4,18.5,18.5,0.0
Antananarivo,2023-03-10,23.4,17.8,11.8,11.8,0.0
Antananarivo,2023-03-11,24.0,16.7,1.6,1.6,0.0
Antananarivo,2023-03-12,23.6,16.2,9.1,9.1,0.0
Antananarivo,2023-03-13,24.1,14.7,6.5,6.5,0.0
Antananarivo,2023-03-14,25.3,15.6,0.1,0.1,0.0
Antananarivo,2023-03-15,24.1,16.1,10.6,10.6,0.0
Antananarivo,2023-03-16,25.9,15.1,10.6,10.6,0.0
Antananarivo,2023-03-17,25.7,15.0,1.2,1.2,0.0
Antananarivo,2023-03-18,27.1,15.7,6.7,6.7,0.0
Antananarivo,2023-03-19,25.3,16.9,8.6,8.6,0.0
Antananarivo,2023-03-20,25.7,18.1,14.4,14.4,0.0
Antananarivo,2023-03-21,24.4,17.1,17.3,17.3,0.0
Antananarivo,2023-03-22,24.0,16.3,11.8,11.8,0.0
Antananarivo,2023-03-23,25.2,15.9,1.1,1.1,0.0
Antananarivo,2023-03-24,24.9,17.3,3.2,3.2,0.0
Antananarivo,2023-03-25,24.6,15.8,1.6,1.6,0.0
Antananarivo,2023-03-26,25.0,16.7,2.5,2.5,0.0
Antananarivo,2023-03-27,26.2,14.7,2.1,2.1,0.0
Antananarivo,2023-03-28,26.1,16.6,14.7,14.7,0.0
Antananarivo,2023-03-29,24.8,17.0,9.8,9.8,0.0
Antananarivo,2023-03-30,24.9,16.4,22.4,22.4,0.0
Antananarivo,2023-03-31,25.6,17.2,8.7,8.7,0.0
Antananarivo,2023-04-01,25.5,15.4,0.5,0.5,0.0
Antananarivo,2023-04-02,25.6,16.0,23.0,23.0,0.0
Antananarivo,2023-04-03,25.6,16.4,8.9,8.9,0.0
Antananarivo,2023-04-04,24.6,15.7,5.3,5.3,0.0
Antananarivo,2023-04-05,24.9,15.3,16.6,16.6,0.0
Antananarivo,2023-04-06,23.2,16.7,6.8,6.8,0.0
Antananarivo,2023-04-07,24.4,15.9,7.7,7.7,0.0
Antananarivo,2023-04-08,25.1,14.9,0.3,0.3,0.0
Antananarivo,2023-04-09,24.5,15.5,18.8,18.8,0.0
Antananarivo,2023-04-10,25.0,13.7,7.3,7.3,0.0
Antananarivo,2023-04-11,25.0,14.1,0.8,0.8,0.0
Antananarivo,2023-04-12,25.8,15.5,0.2,0.2,0.0
Antananarivo,2023-04-13,24.0,16.1,8.1,8.1,0.0
Antananarivo,2023-04-14,24.8,15.4,0.9,0.9,0.0
Antananarivo,2023-04-15,25.4,15.8,21.8,21.8,0.0
Antananarivo,2023-04-16,24.4,14.8,1.9,1.9,0.0
Antananarivo,2023-04-17,23.3,14.9,0.3,0.3,0.0
Antananarivo,2023-04-18,24.2,14.8,0.6,0.6,0.0
Antananarivo,2023-04-19,23.7,15.2,2.7,2.7,0.0
Antananarivo,2023-04-20,24.1,16.2,2.6,2.6,0.0
Antananarivo,2023-04-21,25.3,16.4,1.4,1.4,0.0
Antananarivo,2023-04-22,25.6,15.4,0.9,0.9,0.0
Antananarivo,2023-04-23,25.4,14.2,3.3,3.3,0.0
Antananarivo,2023-04-24,24.6,14.9,0.2,0.2,0.0
Antananarivo,2023-04-25,26.2,11.0,0.0,0.0,0.0
Antananarivo,2023-04-26,25.2,15.1,0.0,0.0,0.0
Antananarivo,2023-04-27,23.8,16.9,0.4,0.4,0.0
Antananarivo,2023-04-28,23.6,14.3,0.0,0.0,0.0
Antananarivo,2023-04-29,23.3,12.6,0.0,0.0,0.0
Antananarivo,2023-04-30,24.2,12.2,0.0,0.0,0.0
Antananarivo,2023-05-01,24.3,15.1,0.0,0.0,0.0
Antananarivo,2023-05-02,24.8,15.5,0.0,0.0,0.0
Antananarivo,2023-05-03,22.1,16.7,1.6,1.6,0.0
Antananarivo,2023-05-04,22.6,15.8,2.0,2.0,0.0
Antananarivo,2023-05-05,24.1,14.4,0.0,0.0,0.0
Antananarivo,2023-05-06,23.8,14.1,0.0,0.0,0.0
Antananarivo,2023-05-07,22.5,14.8,2.5,2.5,0.0
Antananarivo,2023-05-08,22.9,12.3,1.5,1.5,0.0
Antananarivo,2023-05-09,21.8,13.0,1.1,1.1,0.0
Antananarivo,2023-05-10,22.5,15.0,0.0,0.0,0.0
Antananarivo,2023-05-11,22.7,13.9,0.7,0.7,0.0
Antananarivo,2023-05-12,24.0,15.4,0.0,0.0,0.0
Antananarivo,2023-05-13,23.8,15.8,0.8,0.8,0.0
Antananarivo,2023-05-14,23.4,15.8,1.7,1.7,0.0
Antananarivo,2023-05-15,24.1,15.6,2.2,2.2,0.0
Antananarivo,2023-05-16,23.7,13.8,0.8,0.8,0.0
Antananarivo,2023-05-17,24.7,11.3,0.0,0.0,0.0
Antananarivo,2023-05-18,24.2,14.9,0.0,0.0,0.0
Antananarivo,2023-05-19,24.6,14.2,0.0,0.0,0.0
Antananarivo,2023-05-20,25.1,12.4,0.0,0.0,0.0
Antananarivo,2023-05-21,25.0,11.9,0.0,0.0,0.0
Antananarivo,2023-05-22,24.7,10.9,0.0,0.0,0.0
Antananarivo,2023-05-23,23.7,9.2,0.0,0.0,0.0
Antananarivo,2023-05-24,22.8,13.3,0.0,0.0,0.0
Antananarivo,2023-05-25,21.2,12.5,5.2,5.2,0.0
Antananarivo,2023-05-26,21.0,10.0,0.1,0.1,0.0
Antananarivo,2023-05-27,21.0,13.5,0.0,0.0,0.0
Antananarivo,2023-05-28,22.1,13.0,0.0,0.0,0.0
Antananarivo,2023-05-29,23.0,11.4,0.0,0.0,0.0
Antananarivo,2023-05-30,22.1,14.3,0.0,0.0,0.0
Antananarivo,2023-05-31,23.3,13.6,0.0,0.0,0.0
Antananarivo,2023-06-01,21.5,11.9,0.0,0.0,0.0
Antananarivo,2023-06-02,21.6,11.8,0.0,0.0,0.0
Antananarivo,2023-06-03,19.9,11.9,0.5,0.5,0.0
Antananarivo,2023-06-04,21.1,12.8,0.9,0.9,0.0
Antananarivo,2023-06-05,21.5,12.0,0.7,0.7,0.0
Antananarivo,2023-06-06,22.3,10.3,0.2,0.2,0.0
Antananarivo,2023-06-07,22.5,13.1,0.0,0.0,0.0
Antananarivo,2023-06-08,22.7,15.1,0.1,0.1,0.0
Antananarivo,2023-06-09,23.4,14.1,0.0,0.0,0.0
Antananarivo,2023-06-10,22.5,12.5,0.0,0.0,0.0
Antananarivo,2023-06-11,22.6,13.3,0.0,0.0,0.0
Antananarivo,2023-06-12,21.9,11.9,0.0,0.0,0.0
Antananarivo,2023-06-13,22.1,12.2,0.0,0.0,0.0
Antananarivo,2023-06-14,22.7,9.2,0.0,0.0,0.0
Antananarivo,2023-06-15,22.6,11.7,0.0,0.0,0.0
Antananarivo,2023-06-16,22.6,10.8,0.0,0.0,0.0
Antananarivo,2023-06-17,23.6,8.5,0.0,0.0,0.0
Antananarivo,2023-06-18,21.1,10.1,0.2,0.2,0.0
Antananarivo,2023-06-19,20.2,11.0,0.0,0.0,0.0
Antananarivo,2023-06-20,20.2,10.3,0.0,0.0,0.0
Antananarivo,2023-06-21,20.3,9.8,0.0,0.0,0.0
Antananarivo,2023-06-22,20.5,9.5,0.0,0.0,0.0
Antananarivo,2023-06-23,20.9,11.3,0.0,0.0,0.0
Antananarivo,2023-06-24,20.8,11.4,0.0,0.0,0.0
Antananarivo,2023-06-25,20.4,10.9,0.0,0.0,0.0
Antananarivo,2023-06-26,20.4,10.0,0.0,0.0,0.0
Antananarivo,2023-06-27,20.6,7.3,0.0,0.0,0.0
Antananarivo,2023-06-28,19.9,5.1,0.0,0.0,0.0
Antananarivo,2023-06-29,20.0,7.5,0.0,0.0,0.0
Antananarivo,2023-06-30,20.5,12.5,0.0,0.0,0.0
Antananarivo,2023-07-01,22.0,11.2,0.0,0.0,0.0
Antananarivo,2023-07-02,19.7,10.5,0.0,0.0,0.0
Antananarivo,2023-07-03,19.0,12.6,0.0,0.0,0.0
Antananarivo,2023-07-04,17.3,8.8,0.3,0.3,0.0
Antananarivo,2023-07-05,20.3,10.4,0.5,0.5,0.0
Antananarivo,2023-07-06,21.5,10.9,0.0,0.0,0.0
Antananarivo,2023-07-07,19.3,11.5,0.0,0.0,0.0
Antananarivo,2023-07-08,19.1,13.1,0.3,0.3,0.0
Antananarivo,2023-07-09,20.1,11.5,0.1,0.1,0.0
Antananarivo,2023-07-10,21.5,8.9,0.5,0.5,0.0
Antananarivo,2023-07-11,23.9,12.7,0.0,0.0,0.0
Antananarivo,2023-07-12,21.6,10.2,0.0,0.0,0.0
Antananarivo,2023-07-13,21.2,11.4,0.0,0.0,0.0
Antananarivo,2023-07-14,20.2,10.4,0.3,0.3,0.0
Antananarivo,2023-07-15,18.5,11.2,0.0,0.0,0.0
Antananarivo,2023-07-16,20.6,8.7,0.0,0.0,0.0
Antananarivo,2023-07-17,20.3,10.3,0.3,0.3,0.0
Antananarivo,2023-07-18,20.8,12.4,0.2,0.2,0.0
Antananarivo,2023-07-19,19.3,9.6,0.7,0.7,0.0
Antananarivo,2023-07-20,23.2,10.7,0.0,0.0,0.0
Antananarivo,2023-07-21,21.2,12.1,0.0,0.0,0.0
Antananarivo,2023-07-22,20.9,13.2,0.0,0.0,0.0
Antananarivo,2023-07-23,20.8,11.4,0.0,0.0,0.0
Antananarivo,2023-07-24,22.0,10.9,0.0,0.0,0.0
Antananarivo,2023-07-25,24.5,11.3,0.0,0.0,0.0
Antananarivo,2023-07-26,20.8,11.3,0.0,0.0,0.0
Antananarivo,2023-07-27,20.9,9.2,0.0,0.0,0.0
Antananarivo,2023-07-28,21.2,10.0,0.0,0.0,0.0
Antananarivo,2023-07-29,20.6,9.7,0.0,0.0,0.0
Antananarivo,2023-07-30,23.1,10.3,0.0,0.0,0.0
Antananarivo,2023-07-31,23.7,11.6,0.0,0.0,0.0
Antananarivo,2023-08-01,24.4,14.1,0.1,0.1,0.0
Antananarivo,2023-08-02,21.3,11.2,0.0,0.0,0.0
Antananarivo,2023-08-03,21.0,10.4,0.9,0.9,0.0
Antananarivo,2023-08-04,18.7,11.1,0.0,0.0,0.0
Antananarivo,2023-08-05,19.7,10.2,0.2,0.2,0.0
Antananarivo,2023-08-06,19.4,12.0,0.0,0.0,0.0
Antananarivo,2023-08-07,21.1,9.3,0.5,0.5,0.0
Antananarivo,2023-08-08,21.4,12.6,22.2,22.2,0.0
Antananarivo,2023-08-09,20.8,10.8,1.3,1.3,0.0
Antananarivo,2023-08-10,22.2,11.7,0.0,0.0,0.0
Antananarivo,2023-08-11,21.5,12.4,0.8,0.8,0.0
Antananarivo,2023-08-12,23.1,12.4,0.3,0.3,0.0
Antananarivo,2023-08-13,22.8,10.6,0.1,0.1,0.0
Antananarivo,2023-08-14,22.4,14.8,9.3,9.3,0.0
Antananarivo,2023-08-15,23.2,13.6,2.1,2.1,0.0
Antananarivo,2023-08-16,23.9,12.2,0.6,0.6,0.0
Antananarivo,2023-08-17,21.1,12.3,1.1,1.1,0.0
Antananarivo,2023-08-18,21.7,14.1,0.9,0.9,0.0
Antananarivo,2023-08-19,24.5,14.1,0.0,0.0,0.0
Antananarivo,2023-08-20,25.6,13.0,0.0,0.0,0.0
Antananarivo,2023-08-21,25.1,11.7,0.0,0.0,0.0
Antananarivo,2023-08-22,23.1,13.4,0.0,0.0,0.0
Antananarivo,2023-08-23,21.3,11.3,0.0,0.0,0.0
Antananarivo,2023-08-24,23.5,11.8,0.2,0.2,0.0
Antananarivo,2023-08-25,22.3,14.2,0.1,0.1,0.0
Antananarivo,2023-08-26,21.6,12.7,0.4,0.4,0.0
Antananarivo,2023-08-27,24.5,14.1,0.0,0.0,0.0
Antananarivo,2023-08-28,22.2,11.4,0.0,0.0,0.0
Antananarivo,2023-08-29,20.8,12.1,1.1,1.1,0.0
Antananarivo,2023-08-30,20.4,12.4,0.0,0.0,0.0
Antananarivo,2023-08-31,21.0,10.3,0.0,0.0,0.0
Antananarivo,2023-09-01,23.1,10.0,0.0,0.0,0.0
Antananarivo,2023-09-02,22.6,12.1,0.0,0.0,0.0
Antananarivo,2023-09-03,20.3,10.5,0.3,0.3,0.0
Antananarivo,2023-09-04,21.2,13.4,0.7,0.7,0.0
Antananarivo,2023-09-05,22.5,12.3,0.0,0.0,0.0
Antananarivo,2023-09-06,25.2,10.3,0.0,0.0,0.0
Antananarivo,2023-09-07,26.5,10.8,0.0,0.0,0.0
Antananarivo,2023-09-08,23.4,11.7,0.0,0.0,0.0
Antananarivo,2023-09-09,23.9,9.8,0.0,0.0,0.0
Antananarivo,2023-09-10,23.3,10.1,0.0,0.0,0.0
Antananarivo,2023-09-11,23.4,9.7,0.0,0.0,0.0
Antananarivo,2023-09-12,24.9,8.3,0.0,0.0,0.0
Antananarivo,2023-09-13,23.8,10.0,0.0,0.0,0.0
Antananarivo,2023-09-14,23.8,11.9,0.0,0.0,0.0
Antananarivo,2023-09-15,23.2,11.8,0.0,0.0,0.0
Antananarivo,2023-09-16,23.3,11.0,0.0,0.0,0.0
Antananarivo,2023-09-17,26.2,10.1,0.0,0.0,0.0
Antananarivo,2023-09-18,23.4,10.4,0.0,0.0,0.0
Antananarivo,2023-09-19,22.9,10.2,0.1,0.1,0.0
Antananarivo,2023-09-20,23.8,14.2,0.0,0.0,0.0
Antananarivo,2023-09-21,26.0,11.4,0.0,0.0,0.0
Antananarivo,2023-09-22,24.9,11.3,0.0,0.0,0.0
Antananarivo,2023-09-23,21.9,15.5,0.2,0.2,0.0
Antananarivo,2023-09-24,23.3,13.9,0.1,0.1,0.0
Antananarivo,2023-09-25,24.2,11.2,0.0,0.0,0.0
Antananarivo,2023-09-26,22.8,9.4,0.0,0.0,0.0
Antananarivo,2023-09-27,22.4,11.7,0.4,0.4,0.0
Antananarivo,2023-09-28,22.3,12.0,0.2,0.2,0.0
Antananarivo,2023-09-29,24.4,11.0,0.0,0.0,0.0
Antananarivo,2023-09-30,27.2,11.8,0.0,0.0,0.0
Antananarivo,2023-10-01,29.1,13.6,0.0,0.0,0.0
Antananarivo,2023-10-02,28.5,14.6,1.2,1.2,0.0
Antananarivo,2023-10-03,22.4,14.7,0.0,0.0,0.0
Antananarivo,2023-10-04,23.8,13.4,0.0,0.0,0.0
Antananarivo,2023-10-05,25.2,14.3,0.2,0.2,0.0
Antananarivo,2023-10-06,25.8,13.1,0.0,0.0,0.0
Antananarivo,2023-10-07,26.4,11.9,0.0,0.0,0.0
Antananarivo,2023-10-08,28.9,9.8,0.0,0.0,0.0
Antananarivo,2023-10-09,28.7,13.1,0.0,0.0,0.0
Antananarivo,2023-10-10,28.9,12.3,0.0,0.0,0.0
Antananarivo,2023-10-11,31.9,9.6,0.0,0.0,0.0
Antananarivo,2023-10-12,31.0,14.4,0.0,0.0,0.0
Antananarivo,2023-10-13,31.7,16.6,2.0,2.0,0.0
Antananarivo,2023-10-14,30.7,15.7,4.9,4.9,0.0
Antananarivo,2023-10-15,29.7,16.5,3.4,3.4,0.0
Antananarivo,2023-10-16,30.7,14.8,8.0,8.0,0.0
Antananarivo,2023-10-17,28.4,16.5,19.4,19.4,0.0
Antananarivo,2023-10-18,28.1,16.1,0.5,0.5,0.0
Antananarivo,2023-10-19,28.3,15.9,0.9,0.9,0.0
Antananarivo,2023-10-20,28.5,16.6,0.5,0.5,0.0
Antananarivo,2023-10-21,26.5,16.4,3.4,3.4,0.0
Antananarivo,2023-10-22,27.7,16.4,7.9,7.9,0.0
Antananarivo,2023-10-23,27.5,15.1,13.8,13.8,0.0
Antananarivo,2023-10-24,27.5,15.1,2.7,2.7,0.0
Antananarivo,2023-10-25,28.4,15.3,3.9,3.9,0.0
Antananarivo,2023-10-26,28.5,14.4,0.2,0.2,0.0
Antananarivo,2023-10-27,27.4,17.0,0.4,0.4,0.0
Antananarivo,2023-10-28,26.4,17.1,6.0,6.0,0.0
Antananarivo,2023-10-29,26.4,15.6,16.2,16.2,0.0
Antananarivo,2023-10-30,27.2,15.4,0.3,0.3,0.0
Antananarivo,2023-10-31,26.8,16.4,0.3,0.3,0.0
Antananarivo,2023-11-01,27.5,16.3,5.8,5.8,0.0
Antananarivo,2023-11-02,26.5,15.2,3.0,3.0,0.0
Antananarivo,2023-11-03,25.8,14.7,4.6,4.6,0.0
Antananarivo,2023-11-04,22.3,16.2,5.9,5.9,0.0
Antananarivo,2023-11-05,24.1,16.5,0.7,0.7,0.0
Antananarivo,2023-11-06,25.2,16.6,2.5,2.5,0.0
Antananarivo,2023-11-07,24.9,15.9,1.0,1.0,0.0
Antananarivo,2023-11-08,27.3,15.6,4.6,4.6,0.0
Antananarivo,2023-11-09,26.5,15.4,3.7,3.7,0.0
Antananarivo,2023-11-10,26.3,15.4,1.0,1.0,0.0
Antananarivo,2023-11-11,27.1,14.5,0.1,0.1,0.0
Antananarivo,2023-11-12,26.7,15.7,0.2,0.2,0.0
Antananarivo,2023-11-13,27.6,15.0,1.3,1.3,0.0
Antananarivo,2023-11-14,27.0,14.9,3.4,3.4,0.0
Antananarivo,2023-11-15,23.9,15.6,23.3,23.3,0.0
Antananarivo,2023-11-16,24.7,15.7,7.8,7.8,0.0
Antananarivo,2023-11-17,24.7,15.5,1.4,1.4,0.0
Antananarivo,2023-11-18,25.3,16.0,6.9,6.9,0.0
Antananarivo,2023-11-19,27.2,16.9,0.6,0.6,0.0
Antananarivo,2023-11-20,27.8,14.8,0.0,0.0,0.0
Antananarivo,2023-11-21,26.5,13.0,0.0,0.0,0.0
Antananarivo,2023-11-22,25.2,12.6,0.0,0.0,0.0
Antananarivo,2023-11-23,25.5,16.9,0.0,0.0,0.0
Antananarivo,2023-11-24,25.4,14.9,0.0,0.0,0.0
Antananarivo,2023-11-25,26.0,12.8,1.9,1.9,0.0
Antananarivo,2023-11-26,26.5,13.4,0.3,0.3,0.0
Antananarivo,2023-11-27,29.1,12.0,0.0,0.0,0.0
Antananarivo,2023-11-28,29.6,15.9,0.0,0.0,0.0
Antananarivo,2023-11-29,29.8,15.7,3.3,3.3,0.0
Antananarivo,2023-11-30,29.4,16.0,0.9,0.9,0.0
Antananarivo,2023-12-01,27.2,17.0,9.1,9.1,0.0
Antananarivo,2023-12-02,25.3,16.5,4.7,4.7,0.0
Antananarivo,2023-12-03,26.1,15.4,0.2,0.2,0.0
Antananarivo,2023-12-04,26.1,16.1,3.1,3.1,0.0
Antananarivo,2023-12-05,28.3,15.5,0.0,0.0,0.0
Antananarivo,2023-12-06,29.6,16.8,0.1,0.1,0.0
Antananarivo,2023-12-07,25.5,15.8,0.0,0.0,0.0
Antananarivo,2023-12-08,28.4,15.5,0.3,0.3,0.0
Antananarivo,2023-12-09,27.6,16.0,14.9,14.9,0.0
Antananarivo,2023-12-10,28.4,16.8,2.7,2.7,0.0
Antananarivo,2023-12-11,28.8,17.5,0.2,0.2,0.0
Antananarivo,2023-12-12,28.5,16.7,0.2,0.2,0.0
Antananarivo,2023-12-13,30.4,18.5,0.0,0.0,0.0
Antananarivo,2023-12-14,29.3,16.1,0.0,0.0,0.0
Antananarivo,2023-12-15,29.0,18.1,0.0,0.0,0.0
Antananarivo,2023-12-16,30.3,16.6,0.0,0.0,0.0
Antananarivo,2023-12-17,28.9,17.5,0.5,0.5,0.0
Antananarivo,2023-12-18,29.8,18.6,30.2,30.2,0.0
Antananarivo,2023-12-19,27.9,18.7,8.2,8.2,0.0
Antananarivo,2023-12-20,28.1,18.9,5.1,5.1,0.0
Antananarivo,2023-12-21,25.7,18.2,19.0,19.0,0.0
Antananarivo,2023-12-22,27.8,17.5,26.4,26.4,0.0
Antananarivo,2023-12-23,27.3,17.0,4.1,4.1,0.0
Antananarivo,2023-12-24,26.6,16.4,19.1,19.1,0.0
Antananarivo,2023-12-25,26.7,16.2,2.6,2.6,0.0
Antananarivo,2023-12-26,27.3,15.0,11.4,11.4,0.0
Antananarivo,2023-12-27,27.1,15.3,2.9,2.9,0.0
Antananarivo,2023-12-28,26.9,17.7,9.1,9.1,0.0
Antananarivo,2023-12-29,27.9,16.7,14.2,14.2,0.0
Antananarivo,2023-12-30,28.0,17.2,6.3,6.3,0.0
Antananarivo,2023-12-31,27.1,16.4,34.0,34.0,0.0
Antananarivo,2024-01-01,27.8,17.8,4.4,4.4,0.0
Antananarivo,2024-01-02,23.7,19.1,4.9,4.9,0.0
Antananarivo,2024-01-03,27.2,18.2,0.4,0.4,0.0
Antananarivo,2024-01-04,28.0,19.1,3.1,3.1,0.0
Antananarivo,2024-01-05,25.6,18.7,21.8,21.8,0.0
Antananarivo,2024-01-06,25.8,17.8,12.2,12.2,0.0
Antananarivo,2024-01-07,28.0,17.8,17.3,17.3,0.0
Antananarivo,2024-01-08,27.7,17.8,12.0,12.0,0.0
Antananarivo,2024-01-09,27.0,17.3,13.5,13.5,0.0
Antananarivo,2024-01-10,27.8,17.0,2.9,2.9,0.0
Antananarivo,2024-01-11,27.2,17.7,1.1,1.1,0.0
Antananarivo,2024-01-12,28.2,13.6,0.0,0.0,0.0
Antananarivo,2024-01-13,28.8,15.3,0.0,0.0,0.0
Antananarivo,2024-01-14,29.7,15.4,0.2,0.2,0.0
Antananarivo,2024-01-15,26.2,18.7,20.2,20.2,0.0
Antananarivo,2024-01-16,26.8,18.2,18.9,18.9,0.0
Antananarivo,2024-01-17,24.6,18.8,63.4,63.4,0.0
Antananarivo,2024-01-18,20.9,18.3,61.7,61.7,0.0
Antananarivo,2024-01-19,23.6,17.3,13.5,13.5,0.0
Antananarivo,2024-01-20,25.1,17.1,3.6,3.6,0.0
Antananarivo,2024-01-21,26.2,18.1,15.1,15.1,0.0
Antananarivo,2024-01-22,27.2,18.5,23.8,23.8,0.0
Antananarivo,2024-01-23,28.9,18.3,1.0,1.0,0.0
Antananarivo,2024-01-24,27.4,16.7,3.4,3.4,0.0
Antananarivo,2024-01-25,23.0,17.4,8.7,8.7,0.0
Antananarivo,2024-01-26,21.6,16.6,3.3,3.3,0.0
Antananarivo,2024-01-27,25.1,15.6,19.7,19.7,0.0
Antananarivo,2024-01-28,26.3,14.9,4.7,4.7,0.0
Antananarivo,2024-01-29,25.6,16.9,28.5,28.5,0.0
Antananarivo,2024-01-30,26.8,16.3,1.1,1.1,0.0
Antananarivo,2024-01-31,26.9,15.7,0.3,0.3,0.0
Antananarivo,2024-02-01,26.6,16.4,8.5,8.5,0.0
Antananarivo,2024-02-02,25.2,17.6,3.0,3.0,0.0
Antananarivo,2024-02-03,24.8,17.4,0.6,0.6,0.0
Antananarivo,2024-02-04,25.7,17.3,3.4,3.4,0.0
Antananarivo,2024-02-05,26.4,17.4,8.7,8.7,0.0
Antananarivo,2024-02-06,27.0,17.7,17.2,17.2,0.0
Antananarivo,2024-02-07,26.6,16.7,6.8,6.8,0.0
Antananarivo,2024-02-08,26.7,17.8,19.5,19.5,0.0
Antananarivo,2024-02-09,27.5,17.5,27.2,27.2,0.0
Antananarivo,2024-02-10,25.3,18.8,1.7,1.7,0.0
Antananarivo,2024-02-11,27.7,18.7,1.8,1.8,0.0
Antananarivo,2024-02-12,26.1,18.8,3.4,3.4,0.0
Antananarivo,2024-02-13,24.1,18.4,1.4,1.4,0.0
Antananarivo,2024-02-14,21.4,18.9,66.9,66.9,0.0
Antananarivo,2024-02-15,25.7,18.6,18.9,18.9,0.0
Antananarivo,2024-02-16,28.4,17.4,19.0,19.0,0.0
Antananarivo,2024-02-17,25.1,17.7,17.0,17.0,0.0
Antananarivo,2024-02-18,25.7,18.0,21.9,21.9,0.0
Antananarivo,2024-02-19,22.4,17.3,0.5,0.5,0.0
Antananarivo,2024-02-20,24.7,17.0,5.1,5.1,0.0
Antananarivo,2024-02-21,24.8,15.9,2.6,2.6,0.0
Antananarivo,2024-02-22,26.1,16.4,1.9,1.9,0.0
Antananarivo,2024-02-23,27.2,17.7,0.5,0.5,0.0
Antananarivo,2024-02-24,27.1,17.8,0.0,0.0,0.0
Antananarivo,2024-02-25,28.5,15.8,0.0,0.0,0.0
Antananarivo,2024-02-26,28.4,14.5,0.8,0.8,0.0
Antananarivo,2024-02-27,26.1,17.6,16.5,16.5,0.0
Antananarivo,2024-02-28,24.5,17.3,12.0,12.0,0.0
Antananarivo,2024-02-29,25.1,17.4,13.8,13.8,0.0
Antananarivo,2024-03-01,25.2,16.1,5.8,5.8,0.0
Antananarivo,2024-03-02,23.6,17.3,1.2,1.2,0.0
Antananarivo,2024-03-03,24.7,15.5,0.1,0.1,0.0
Antananarivo,2024-03-04,25.2,17.8,29.8,29.8,0.0
Antananarivo,2024-03-05,26.5,18.6,18.6,18.6,0.0
Antananarivo,2024-03-06,27.7,18.3,7.7,7.7,0.0
Antananarivo,2024-03-07,26.8,17.7,17.8,17.8,0.0
Antananarivo,2024-03-08,25.8,18.7,7.5,7.5,0.0
Antananarivo,2024-03-09,27.3,18.0,17.7,17.7,0.0
Antananarivo,2024-03-10,26.3,15.5,0.5,0.5,0.0
Antananarivo,2024-03-11,26.5,13.7,0.2,0.2,0.0
Antananarivo,2024-03-12,26.4,18.1,1.9,1.9,0.0
Antananarivo,2024-03-13,25.4,16.1,2.4,2.4,0.0
Antananarivo,2024-03-14,27.2,17.3,0.0,0.0,0.0
Antananarivo,2024-03-15,27.4,18.0,0.6,0.6,0.0
Antananarivo,2024-03-16,25.6,17.7,5.0,5.0,0.0
Antananarivo,2024-03-17,26.5,16.8,0.4,0.4,0.0
Antananarivo,2024-03-18,27.3,16.3,0.1,0.1,0.0
Antananarivo,2024-03-19,27.2,16.7,0.9,0.9,0.0
Antananarivo,2024-03-20,25.3,17.2,11.0,11.0,0.0
Antananarivo,2024-03-21,26.5,17.2,16.3,16.3,0.0
Antananarivo,2024-03-22,25.3,17.6,1.4,1.4,0.0
Antananarivo,2024-03-23,24.6,17.1,0.5,0.5,0.0
Antananarivo,2024-03-24,24.6,17.2,1.6,1.6,0.0
Antananarivo,2024-03-25,22.8,17.6,2.4,2.4,0.0
Antananarivo,2024-03-26,21.4,15.2,0.0,0.0,0.0
Antananarivo,2024-03-27,22.2,15.4,0.3,0.3,0.0
Antananarivo,2024-03-28,22.8,16.1,0.2,0.2,0.0
Antananarivo,2024-03-29,26.5,16.7,6.0,6.0,0.0
Antananarivo,2024-03-30,26.5,17.1,1.8,1.8,0.0
Antananarivo,2024-03-31,26.4,15.5,0.2,0.2,0.0
Antananarivo,2024-04-01,25.7,17.6,1.1,1.1,0.0
Antananarivo,2024-04-02,24.6,17.2,4.6,4.6,0.0
Antananarivo,2024-04-03,24.9,16.3,1.2,1.2,0.0
Antananarivo,2024-04-04,24.3,16.8,0.2,0.2,0.0
Antananarivo,2024-04-05,25.7,14.9,0.3,0.3,0.0
Antananarivo,2024-04-06,28.4,18.0,0.0,0.0,0.0
Antananarivo,2024-04-07,28.1,15.2,0.0,0.0,0.0
Antananarivo,2024-04-08,27.3,16.9,0.0,0.0,0.0
Antananarivo,2024-04-09,27.6,16.9,0.5,0.5,0.0
Antananarivo,2024-04-10,27.9,16.6,0.4,0.4,0.0
Antananarivo,2024-04-11,27.9,17.0,0.3,0.3,0.0
Antananarivo,2024-04-12,27.7,16.0,0.2,0.2,0.0
Antananarivo,2024-04-13,26.8,18.6,2.4,2.4,0.0
Antananarivo,2024-04-14,26.0,17.0,15.0,15.0,0.0
Antananarivo,2024-04-15,23.3,17.4,0.8,0.8,0.0
Antananarivo,2024-04-16,23.4,16.8,0.1,0.1,0.0
Antananarivo,2024-04-17,21.4,16.2,0.2,0.2,0.0
Antananarivo,2024-04-18,22.2,14.8,0.0,0.0,0.0
Antananarivo,2024-04-19,24.0,12.1,0.1,0.1,0.0
Antananarivo,2024-04-20,25.5,14.7,0.0,0.0,0.0
Antananarivo,2024-04-21,27.6,12.5,0.0,0.0,0.0
Antananarivo,2024-04-22,27.5,17.6,0.3,0.3,0.0
Antananarivo,2024-04-23,28.0,17.0,0.0,0.0,0.0
Antananarivo,2024-04-24,26.7,16.6,0.3,0.3,0.0
Antananarivo,2024-04-25,25.8,15.7,0.2,0.2,0.0
Antananarivo,2024-04-26,25.7,14.3,0.0,0.0,0.0
Antananarivo,2024-04-27,26.6,16.2,1.0,1.0,0.0
Antananarivo,2024-04-28,24.5,15.1,1.4,1.4,0.0
Antananarivo,2024-04-29,22.6,16.3,0.0,0.0,0.0
Antananarivo,2024-04-30,23.4,16.9,0.4,0.4,0.0
Antananarivo,2024-05-01,21.3,15.6,7.2,7.2,0.0
Antananarivo,2024-05-02,26.6,15.6,0.5,0.5,0.0
Antananarivo,2024-05-03,25.5,14.1,0.8,0.8,0.0
Antananarivo,2024-05-04,24.7,15.3,0.0,0.0,0.0
Antananarivo,2024-05-05,22.5,14.1,0.0,0.0,0.0
Antananarivo,2024-05-06,24.0,13.1,0.0,0.0,0.0
Antananarivo,2024-05-07,22.3,12.3,0.0,0.0,0.0
Antananarivo,2024-05-08,22.7,14.5,0.0,0.0,0.0
Antananarivo,2024-05-09,22.6,13.4,0.1,0.1,0.0
Antananarivo,2024-05-10,22.6,14.2,0.0,0.0,0.0
Antananarivo,2024-05-11,22.9,14.4,0.5,0.5,0.0
Antananarivo,2024-05-12,22.7,14.8,0.0,0.0,0.0
Antananarivo,2024-05-13,24.5,14.8,0.0,0.0,0.0
Antananarivo,2024-05-14,23.8,15.1,0.6,0.6,0.0
Antananarivo,2024-05-15,22.8,13.4,1.8,1.8,0.0
Antananarivo,2024-05-16,22.1,15.3,0.2,0.2,0.0
Antananarivo,2024-05-17,22.9,15.1,0.1,0.1,0.0
Antananarivo,2024-05-18,24.9,15.7,0.1,0.1,0.0
Antananarivo,2024-05-19,23.0,13.2,0.0,0.0,0.0
Antananarivo,2024-05-20,22.0,15.1,0.1,0.1,0.0
Antananarivo,2024-05-21,18.9,11.3,0.0,0.0,0.0
Antananarivo,2024-05-22,18.7,10.9,0.3,0.3,0.0
Antananarivo,2024-05-23,19.1,12.7,0.4,0.4,0.0
Antananarivo,2024-05-24,20.6,13.1,0.3,0.3,0.0
Antananarivo,2024-05-25,21.3,11.6,0.0,0.0,0.0
Antananarivo,2024-05-26,22.8,10.6,0.0,0.0,0.0
Antananarivo,2024-05-27,22.7,11.1,0.0,0.0,0.0
Antananarivo,2024-05-28,21.2,11.1,0.3,0.3,0.0
Antananarivo,2024-05-29,21.1,10.1,0.0,0.0,0.0
Antananarivo,2024-05-30,21.5,11.9,0.0,0.0,0.0
Antananarivo,2024-05-31,20.2,12.0,0.0,0.0,0.0
Antananarivo,2024-06-01,22.3,14.1,0.0,0.0,0.0
Antananarivo,2024-06-02,24.8,14.6,0.3,0.3,0.0
Antananarivo,2024-06-03,24.2,12.0,0.0,0.0,0.0
Antananarivo,2024-06-04,22.6,11.3,0.0,0.0,0.0
Antananarivo,2024-06-05,23.6,12.7,0.0,0.0,0.0
Antananarivo,2024-06-06,22.3,11.2,0.1,0.1,0.0
Antananarivo,2024-06-07,22.5,10.9,0.0,0.0,0.0
Antananarivo,2024-06-08,24.4,11.8,0.0,0.0,0.0
Antananarivo,2024-06-09,21.2,10.2,0.1,0.1,0.0
Antananarivo,2024-06-10,19.6,11.7,0.0,0.0,0.0
Antananarivo,2024-06-11,21.0,11.4,2.2,2.2,0.0
Antananarivo,2024-06-12,21.8,10.8,2.4,2.4,0.0
Antananarivo,2024-06-13,23.5,9.8,0.0,0.0,0.0
Antananarivo,2024-06-14,23.5,12.4,0.0,0.0,0.0
Antananarivo,2024-06-15,23.8,13.1,0.0,0.0,0.0
Antananarivo,2024-06-16,21.9,13.8,0.0,0.0,0.0
Antananarivo,2024-06-17,23.6,14.4,0.0,0.0,0.0
Antananarivo,2024-06-18,21.6,13.4,0.3,0.3,0.0
Antananarivo,2024-06-19,21.6,12.7,0.0,0.0,0.0
Antananarivo,2024-06-20,20.9,10.4,0.0,0.0,0.0
Antananarivo,2024-06-21,20.6,8.6,0.0,0.0,0.0
Antananarivo,2024-06-22,19.1,8.9,0.1,0.1,0.0
Antananarivo,2024-06-23,19.0,10.2,0.3,0.3,0.0
Antananarivo,2024-06-24,19.2,11.3,0.1,0.1,0.0
Antananarivo,2024-06-25,19.9,11.4,0.0,0.0,0.0
Antananarivo,2024-06-26,19.9,10.8,0.0,0.0,0.0
Antananarivo,2024-06-27,18.6,13.5,0.2,0.2,0.0
Antananarivo,2024-06-28,17.5,10.2,0.0,0.0,0.0
Antananarivo,2024-06-29,18.6,7.4,0.0,0.0,0.0
Antananarivo,2024-06-30,20.7,10.0,0.0,0.0,0.0
Antananarivo,2024-07-01,22.5,9.0,0.0,0.0,0.0
Antananarivo,2024-07-02,18.8,7.5,0.0,0.0,0.0
Antananarivo,2024-07-03,19.7,8.2,0.0,0.0,0.0
Antananarivo,2024-07-04,21.9,10.8,0.0,0.0,0.0
Antananarivo,2024-07-05,21.3,11.6,0.0,0.0,0.0
Antananarivo,2024-07-06,21.8,10.5,0.0,0.0,0.0
Antananarivo,2024-07-07,23.2,6.8,0.0,0.0,0.0
Antananarivo,2024-07-08,23.2,9.2,0.0,0.0,0.0
Antananarivo,2024-07-09,24.5,9.7,0.0,0.0,0.0
Antananarivo,2024-07-10,21.3,9.9,0.0,0.0,0.0
Antananarivo,2024-07-11,19.7,9.1,0.0,0.0,0.0
Antananarivo,2024-07-12,18.7,8.2,0.2,0.2,0.0
Antananarivo,2024-07-13,20.9,11.1,0.2,0.2,0.0
Antananarivo,2024-07-14,20.4,11.0,0.0,0.0,0.0
Antananarivo,2024-07-15,20.8,10.2,0.0,0.0,0.0
Antananarivo,2024-07-16,22.5,8.5,0.0,0.0,0.0
Antananarivo,2024-07-17,22.9,9.2,0.0,0.0,0.0
Antananarivo,2024-07-18,22.6,8.1,0.0,0.0,0.0
Antananarivo,2024-07-19,22.9,8.4,0.0,0.0,0.0
Antananarivo,2024-07-20,23.6,7.7,0.0,0.0,0.0
Antananarivo,2024-07-21,23.0,8.6,0.0,0.0,0.0
Antananarivo,2024-07-22,23.4,7.3,0.0,0.0,0.0
Antananarivo,2024-07-23,22.8,13.8,0.0,0.0,0.0
Antananarivo,2024-07-24,21.9,12.1,0.1,0.1,0.0
Antananarivo,2024-07-25,22.8,11.7,0.0,0.0,0.0
Antananarivo,2024-07-26,23.2,8.3,0.0,0.0,0.0
Antananarivo,2024-07-27,23.1,8.3,0.0,0.0,0.0
Antananarivo,2024-07-28,23.2,11.4,0.0,0.0,0.0
Antananarivo,2024-07-29,23.2,9.6,0.0,0.0,0.0
Antananarivo,2024-07-30,23.1,10.2,0.0,0.0,0.0
Antananarivo,2024-07-31,23.8,7.3,0.0,0.0,0.0
Antananarivo,2024-08-01,23.4,8.0,0.0,0.0,0.0
Antananarivo,2024-08-02,21.8,10.4,0.0,0.0,0.0
Antananarivo,2024-08-03,25.0,11.7,0.0,0.0,0.0
Antananarivo,2024-08-04,25.0,7.8,0.0,0.0,0.0
Antananarivo,2024-08-05,24.6,7.9,0.0,0.0,0.0
Antananarivo,2024-08-06,25.8,8.6,0.0,0.0,0.0
Antananarivo,2024-08-07,22.8,10.3,0.0,0.0,0.0
Antananarivo,2024-08-08,22.1,11.1,0.0,0.0,0.0
Antananarivo,2024-08-09,22.4,13.0,0.0,0.0,0.0
Antananarivo,2024-08-10,22.2,9.8,0.0,0.0,0.0
Antananarivo,2024-08-11,21.3,11.3,0.1,0.1,0.0
Antananarivo,2024-08-12,24.1,8.8,0.0,0.0,0.0
Antananarivo,2024-08-13,23.8,10.9,0.0,0.0,0.0
Antananarivo,2024-08-14,20.8,12.1,0.3,0.3,0.0
Antananarivo,2024-08-15,24.9,11.5,0.0,0.0,0.0
Antananarivo,2024-08-16,21.8,10.9,0.0,0.0,0.0
Antananarivo,2024-08-17,18.5,13.1,0.2,0.2,0.0
Antananarivo,2024-08-18,20.0,13.4,0.2,0.2,0.0
Antananarivo,2024-08-19,20.1,12.3,0.1,0.1,0.0
Antananarivo,2024-08-20,20.3,9.6,0.0,0.0,0.0
Antananarivo,2024-08-21,19.3,10.3,0.1,0.1,0.0
Antananarivo,2024-08-22,20.6,11.9,0.6,0.6,0.0
Antananarivo,2024-08-23,24.5,10.5,0.0,0.0,0.0
Antananarivo,2024-08-24,21.0,9.7,0.0,0.0,0.0
Antananarivo,2024-08-25,19.2,10.3,0.0,0.0,0.0
Antananarivo,2024-08-26,19.6,8.0,0.0,0.0,0.0
Antananarivo,2024-08-27,21.9,12.1,0.0,0.0,0.0
Antananarivo,2024-08-28,21.1,9.9,0.0,0.0,0.0
Antananarivo,2024-08-29,21.9,12.2,0.0,0.0,0.0
Antananarivo,2024-08-30,21.8,9.8,0.5,0.5,0.0
Antananarivo,2024-08-31,22.1,12.0,0.0,0.0,0.0
Antananarivo,2024-09-01,22.2,10.4,1.0,1.0,0.0
Antananarivo,2024-09-02,22.3,11.1,0.5,0.5,0.0
Antananarivo,2024-09-03,23.2,13.1,2.3,2.3,0.0
Antananarivo,2024-09-04,21.6,13.4,4.4,4.4,0.0
Antananarivo,2024-09-05,20.2,13.6,13.4,13.4,0.0
Antananarivo,2024-09-06,23.6,13.1,0.0,0.0,0.0
Antananarivo,2024-09-07,25.1,10.8,0.0,0.0,0.0
Antananarivo,2024-09-08,24.7,12.1,0.0,0.0,0.0
Antananarivo,2024-09-09,27.9,9.4,0.0,0.0,0.0
Antananarivo,2024-09-10,27.7,9.3,0.0,0.0,0.0
Antananarivo,2024-09-11,28.5,9.8,0.0,0.0,0.0
Antananarivo,2024-09-12,30.2,11.4,0.0,0.0,0.0
Antananarivo,2024-09-13,25.4,15.2,0.0,0.0,0.0
Antananarivo,2024-09-14,23.6,14.0,0.0,0.0,0.0
Antananarivo,2024-09-15,24.7,12.0,0.0,0.0,0.0
Antananarivo,2024-09-16,25.5,11.2,0.0,0.0,0.0
Antananarivo,2024-09-17,26.9,9.8,0.0,0.0,0.0
Antananarivo,2024-09-18,28.4,9.5,0.0,0.0,0.0
Antananarivo,2024-09-19,29.5,12.4,0.0,0.0,0.0
Antananarivo,2024-09-20,27.0,13.1,0.0,0.0,0.0
Antananarivo,2024-09-21,25.6,11.7,0.0,0.0,0.0
Antananarivo,2024-09-22,29.3,9.8,0.0,0.0,0.0
Antananarivo,2024-09-23,26.2,12.2,0.0,0.0,0.0
Antananarivo,2024-09-24,25.8,13.9,0.1,0.1,0.0
Antananarivo,2024-09-25,24.2,13.8,0.0,0.0,0.0
Antananarivo,2024-09-26,25.3,12.4,0.0,0.0,0.0
Antananarivo,2024-09-27,26.7,12.8,0.0,0.0,0.0
Antananarivo,2024-09-28,29.7,11.3,0.0,0.0,0.0
Antananarivo,2024-09-29,29.1,12.6,0.0,0.0,0.0
Antananarivo,2024-09-30,27.7,12.0,0.0,0.0,0.0
Antananarivo,2024-10-01,28.3,16.6,0.3,0.3,0.0
Antananarivo,2024-10-02,27.0,14.8,0.1,0.1,0.0
Antananarivo,2024-10-03,24.8,13.7,0.8,0.8,0.0
Antananarivo,2024-10-04,20.9,12.4,0.0,0.0,0.0
Antananarivo,2024-10-05,21.4,9.4,0.0,0.0,0.0
Antananarivo,2024-10-06,25.4,10.7,0.0,0.0,0.0
Antananarivo,2024-10-07,26.5,13.4,0.0,0.0,0.0
Antananarivo,2024-10-08,27.1,13.1,0.0,0.0,0.0
Antananarivo,2024-10-09,26.1,12.6,0.0,0.0,0.0
Antananarivo,2024-10-10,24.7,13.1,0.0,0.0,0.0
Antananarivo,2024-10-11,22.6,11.6,0.0,0.0,0.0
Antananarivo,2024-10-12,25.4,12.5,0.0,0.0,0.0
Antananarivo,2024-10-13,23.4,13.4,0.0,0.0,0.0
Antananarivo,2024-10-14,24.9,9.8,0.0,0.0,0.0
Antananarivo,2024-10-15,28.1,12.0,0.0,0.0,0.0
Antananarivo,2024-10-16,29.1,13.9,0.0,0.0,0.0
Antananarivo,2024-10-17,29.3,14.0,0.0,0.0,0.0
Antananarivo,2024-10-18,27.2,15.5,2.8,2.8,0.0
Antananarivo,2024-10-19,27.7,15.8,1.8,1.8,0.0
Antananarivo,2024-10-20,26.9,15.1,1.3,1.3,0.0
Antananarivo,2024-10-21,25.9,15.9,0.4,0.4,0.0
Antananarivo,2024-10-22,24.6,14.7,0.0,0.0,0.0
Antananarivo,2024-10-23,23.8,13.1,0.0,0.0,0.0
Antananarivo,2024-10-24,25.4,14.9,0.2,0.2,0.0
Antananarivo,2024-10-25,28.6,11.9,0.0,0.0,0.0
Antananarivo,2024-10-26,30.2,14.8,0.0,0.0,0.0
Antananarivo,2024-10-27,29.8,15.0,0.0,0.0,0.0
Antananarivo,2024-10-28,29.4,17.2,1.1,1.1,0.0
Antananarivo,2024-10-29,29.7,15.6,0.0,0.0,0.0
Antananarivo,2024-10-30,28.9,13.5,0.0,0.0,0.0
Antananarivo,2024-10-31,30.0,14.9,0.0,0.0,0.0
Antananarivo,2024-11-01,30.6,15.0,0.0,0.0,0.0
Antananarivo,2024-11-02,31.1,17.5,0.0,0.0,0.0
Antananarivo,2024-11-03,29.8,15.8,0.2,0.2,0.0
Antananarivo,2024-11-04,29.7,14.6,0.0,0.0,0.0
Antananarivo,2024-11-05,29.6,18.0,0.6,0.6,0.0
Antananarivo,2024-11-06,29.1,17.2,0.0,0.0,0.0
Antananarivo,2024-11-07,28.0,14.1,0.0,0.0,0.0
Antananarivo,2024-11-08,28.8,14.8,0.0,0.0,0.0
Antananarivo,2024-11-09,31.1,13.5,0.0,0.0,0.0
Antananarivo,2024-11-10,31.5,16.3,0.0,0.0,0.0
Antananarivo,2024-11-11,29.7,17.1,0.5,0.5,0.0
Antananarivo,2024-11-12,30.2,16.9,0.0,0.0,0.0
Antananarivo,2024-11-13,29.7,15.5,0.0,0.0,0.0
Antananarivo,2024-11-14,32.6,14.9,0.0,0.0,0.0
Antananarivo,2024-11-15,30.0,14.6,0.0,0.0,0.0
Antananarivo,2024-11-16,30.7,15.0,0.0,0.0,0.0
Antananarivo,2024-11-17,30.3,16.7,0.0,0.0,0.0
Antananarivo,2024-11-18,30.4,18.6,0.0,0.0,0.0
Antananarivo,2024-11-19,29.5,17.0,0.1,0.1,0.0
Antananarivo,2024-11-20,28.3,15.1,0.2,0.2,0.0
Antananarivo,2024-11-21,30.0,14.5,0.0,0.0,0.0
Antananarivo,2024-11-22,31.3,18.0,3.8,3.8,0.0
Antananarivo,2024-11-23,29.0,18.2,9.9,9.9,0.0
Antananarivo,2024-11-24,28.5,17.1,18.4,18.4,0.0
Antananarivo,2024-11-25,27.4,17.7,0.6,0.6,0.0
Antananarivo,2024-11-26,26.7,17.8,0.6,0.6,0.0
Antananarivo,2024-11-27,27.1,16.1,0.0,0.0,0.0
Antananarivo,2024-11-28,28.3,17.8,2.2,2.2,0.0
Antananarivo,2024-11-29,27.4,17.0,19.4,19.4,0.0
Antananarivo,2024-11-30,24.9,17.9,29.8,29.8,0.0
Antananarivo,2024-12-01,22.5,16.9,8.6,8.6,0.0
Antananarivo,2024-12-02,25.6,16.9,13.5,13.5,0.0
Antananarivo,2024-12-03,26.6,16.7,17.0,17.0,0.0
Antananarivo,2024-12-04,25.8,17.5,9.0,9.0,0.0
Antananarivo,2024-12-05,26.6,16.8,0.1,0.1,0.0
Antananarivo,2024-12-06,26.6,17.1,0.0,0.0,0.0
Antananarivo,2024-12-07,26.8,15.4,0.0,0.0,0.0
Antananarivo,2024-12-08,29.6,16.3,0.0,0.0,0.0
Antananarivo,2024-12-09,28.1,15.5,0.0,0.0,0.0
Antananarivo,2024-12-10,26.6,16.5,0.2,0.2,0.0
Antananarivo,2024-12-11,27.0,15.9,0.1,0.1,0.0
Antananarivo,2024-12-12,27.8,14.9,0.0,0.0,0.0
Antananarivo,2024-12-13,27.2,17.8,0.5,0.5,0.0
Antananarivo,2024-12-14,30.1,15.8,0.0,0.0,0.0
Antananarivo,2024-12-15,29.3,17.6,0.1,0.1,0.0
Antananarivo,2024-12-16,28.3,16.2,0.0,0.0,0.0
Antananarivo,2024-12-17,29.2,14.1,0.0,0.0,0.0
Antananarivo,2024-12-18,29.4,16.8,0.0,0.0,0.0
Antananarivo,2024-12-19,31.1,16.1,0.0,0.0,0.0
Antananarivo,2024-12-20,33.4,15.8,0.0,0.0,0.0
Antananarivo,2024-12-21,30.9,18.3,0.0,0.0,0.0
Antananarivo,2024-12-22,29.4,18.4,0.0,0.0,0.0
Antananarivo,2024-12-23,30.5,16.8,0.1,0.1,0.0
Antananarivo,2024-12-24,31.9,16.9,0.9,0.9,0.0
Antananarivo,2024-12-25,30.7,19.5,0.6,0.6,0.0
Antananarivo,2024-12-26,29.8,17.5,0.2,0.2,0.0
Antananarivo,2024-12-27,29.4,17.9,12.2,12.2,0.0
Antananarivo,2024-12-28,24.0,17.5,8.9,8.9,0.0
Antananarivo,2024-12-29,25.9,17.2,22.4,22.4,0.0
Antananarivo,2024-12-30,24.3,17.0,29.3,29.3,0.0
Antananarivo,2024-12-31,25.4,16.7,6.6,6.6,0.0
Antananarivo,2025-01-01,26.9,17.1,1.0,1.0,0.0
Antananarivo,2025-01-02,28.4,17.0,0.0,0.0,0.0
Antananarivo,2025-01-03,27.6,15.0,0.1,0.1,0.0
Antananarivo,2025-01-04,26.5,16.0,0.2,0.2,0.0
Antananarivo,2025-01-05,27.7,15.5,0.0,0.0,0.0
Antananarivo,2025-01-06,28.4,16.1,0.0,0.0,0.0
Antananarivo,2025-01-07,26.7,15.4,4.5,4.5,0.0
Antananarivo,2025-01-08,27.8,17.1,0.9,0.9,0.0
Antananarivo,2025-01-09,28.9,17.3,0.0,0.0,0.0
Antananarivo,2025-01-10,30.0,17.5,0.0,0.0,0.0
Antananarivo,2025-01-11,27.3,16.1,2.8,2.8,0.0
Antananarivo,2025-01-12,23.5,17.4,12.8,12.8,0.0
Antananarivo,2025-01-13,24.7,17.0,42.1,42.1,0.0
Antananarivo,2025-01-14,24.3,18.7,12.5,12.5,0.0
Antananarivo,2025-01-15,27.6,17.3,0.0,0.0,0.0
Antananarivo,2025-01-16,27.7,17.1,10.1,10.1,0.0
Antananarivo,2025-01-17,28.3,17.0,0.0,0.0,0.0
Antananarivo,2025-01-18,28.7,17.3,0.0,0.0,0.0
Antananarivo,2025-01-19,28.5,18.2,1.5,1.5,0.0
Antananarivo,2025-01-20,27.8,16.8,1.1,1.1,0.0
Antananarivo,2025-01-21,26.8,17.4,1.7,1.7,0.0
Antananarivo,2025-01-22,26.6,17.7,20.2,20.2,0.0
Antananarivo,2025-01-23,26.2,17.4,21.5,21.5,0.0
Antananarivo,2025-01-24,25.7,17.3,36.2,36.2,0.0
Antananarivo,2025-01-25,26.9,17.2,12.7,12.7,0.0
Antananarivo,2025-01-26,27.0,18.1,7.4,7.4,0.0
Antananarivo,2025-01-27,27.9,17.5,0.5,0.5,0.0
Antananarivo,2025-01-28,28.0,18.8,4.3,4.3,0.0
Antananarivo,2025-01-29,28.1,18.7,1.0,1.0,0.0
Antananarivo,2025-01-30,28.1,18.3,0.2,0.2,0.0
Antananarivo,2025-01-31,28.0,18.7,3.7,3.7,0.0
Antananarivo,2025-02-01,28.9,17.8,4.1,4.1,0.0
Antananarivo,2025-02-02,28.2,17.4,19.4,19.4,0.0
Antananarivo,2025-02-03,27.7,18.3,13.9,13.9,0.0
Antananarivo,2025-02-04,21.2,16.0,50.7,50.7,0.0
Antananarivo,2025-02-05,25.9,16.5,30.9,30.9,0.0
Antananarivo,2025-02-06,26.0,18.3,3.1,3.1,0.0
Antananarivo,2025-02-07,27.5,17.1,9.8,9.8,0.0
Antananarivo,2025-02-08,27.3,17.4,1.2,1.2,0.0
Antananarivo,2025-02-09,27.6,18.0,1.8,1.8,0.0
Antananarivo,2025-02-10,28.1,17.2,10.4,10.4,0.0
Antananarivo,2025-02-11,27.9,18.0,4.1,4.1,0.0
Antananarivo,2025-02-12,27.7,18.4,17.6,17.6,0.0
Antananarivo,2025-02-13,26.8,17.7,20.0,20.0,0.0
Antananarivo,2025-02-14,26.4,18.3,16.5,16.5,0.0
Antananarivo,2025-02-15,25.9,18.3,7.2,7.2,0.0
Antananarivo,2025-02-16,25.8,18.3,18.6,18.6,0.0
Antananarivo,2025-02-17,25.5,18.1,16.0,16.0,0.0
Antananarivo,2025-02-18,25.1,18.2,25.5,25.5,0.0
Antananarivo,2025-02-19,24.0,18.0,49.9,49.9,0.0
Antananarivo,2025-02-20,26.7,17.7,17.1,17.1,0.0
Antananarivo,2025-02-21,24.3,17.8,25.4,25.4,0.0
Antananarivo,2025-02-22,25.3,17.7,45.8,45.8,0.0
Antananarivo,2025-02-23,25.9,17.8,22.2,22.2,0.0
Antananarivo,2025-02-24,26.4,16.9,0.5,0.5,0.0
Antananarivo,2025-02-25,26.3,17.7,0.4,0.4,0.0
Antananarivo,2025-02-26,26.6,16.6,0.3,0.3,0.0
Antananarivo,2025-02-27,26.3,18.0,0.7,0.7,0.0
Antananarivo,2025-02-28,23.3,18.5,12.6,12.6,0.0
Antananarivo,2025-03-01,26.3,18.3,0.9,0.9,0.0
Antananarivo,2025-03-02,26.8,17.8,0.0,0.0,0.0
Antananarivo,2025-03-03,28.0,16.4,0.2,0.2,0.0
Antananarivo,2025-03-04,27.9,16.3,0.3,0.3,0.0
Antananarivo,2025-03-05,28.4,16.9,0.0,0.0,0.0
Antananarivo,2025-03-06,27.3,16.9,0.0,0.0,0.0
Antananarivo,2025-03-07,26.2,15.3,0.4,0.4,0.0
Antananarivo,2025-03-08,23.2,17.5,2.1,2.1,0.0
Antananarivo,2025-03-09,23.4,18.7,3.4,3.4,0.0
Antananarivo,2025-03-10,25.2,18.0,3.5,3.5,0.0
Antananarivo,2025-03-11,26.5,16.1,0.6,0.6,0.0
Antananarivo,2025-03-12,25.7,16.7,7.6,7.6,0.0
Antananarivo,2025-03-13,27.2,16.9,18.5,18.5,0.0
Antananarivo,2025-03-14,26.6,17.5,2.1,2.1,0.0
Antananarivo,2025-03-15,25.0,17.6,1.0,1.0,0.0
Antananarivo,2025-03-16,26.8,18.1,2.6,2.6,0.0
Antananarivo,2025-03-17,25.2,17.2,0.3,0.3,0.0
Antananarivo,2025-03-18,22.4,15.5,0.0,0.0,0.0
Antananarivo,2025-03-19,23.1,14.5,0.0,0.0,0.0
Antananarivo,2025-03-20,24.1,15.4,0.6,0.6,0.0
Antananarivo,2025-03-21,25.7,16.3,8.1,8.1,0.0
Antananarivo,2025-03-22,26.8,16.8,17.7,17.7,0.0
Antananarivo,2025-03-23,26.4,16.0,12.9,12.9,0.0
Antananarivo,2025-03-24,25.8,15.6,2.5,2.5,0.0
Antananarivo,2025-03-25,25.0,16.3,2.6,2.6,0.0
Antananarivo,2025-03-26,26.0,16.5,1.7,1.7,0.0
Antananarivo,2025-03-27,26.1,16.6,0.0,0.0,0.0
Antananarivo,2025-03-28,25.3,15.9,0.0,0.0,0.0
Antananarivo,2025-03-29,24.3,14.3,0.0,0.0,0.0
Antananarivo,2025-03-30,23.4,14.7,0.8,0.8,0.0
Antananarivo,2025-03-31,24.3,17.7,0.3,0.3,0.0
Antananarivo,2025-04-01,24.3,17.5,1.2,1.2,0.0
Antananarivo,2025-04-02,25.4,16.9,0.0,0.0,0.0
Antananarivo,2025-04-03,27.4,16.1,0.0,0.0,0.0
Antananarivo,2025-04-04,25.4,14.3,0.0,0.0,0.0
Antananarivo,2025-04-05,25.2,16.3,0.9,0.9,0.0
Antananarivo,2025-04-06,25.1,15.6,0.0,0.0,0.0
Antananarivo,2025-04-07,24.8,16.4,0.3,0.3,0.0
Antananarivo,2025-04-08,26.4,14.9,0.0,0.0,0.0
Antananarivo,2025-04-09,26.6,16.4,2.0,2.0,0.0
Antananarivo,2025-04-10,26.8,16.0,12.4,12.4,0.0
Antananarivo,2025-04-11,26.2,16.0,9.4,9.4,0.0
Antananarivo,2025-04-12,25.7,16.3,0.0,0.0,0.0
Antananarivo,2025-04-13,25.1,16.6,2.7,2.7,0.0
Antananarivo,2025-04-14,25.8,17.7,0.4,0.4,0.0
Antananarivo,2025-04-15,26.0,18.0,2.0,2.0,0.0
Antananarivo,2025-04-16,25.3,16.6,0.1,0.1,0.0
Antananarivo,2025-04-17,25.3,15.1,0.1,0.1,0.0
Antananarivo,2025-04-18,26.7,16.8,0.0,0.0,0.0
Antananarivo,2025-04-19,26.8,16.6,0.0,0.0,0.0
Antananarivo,2025-04-20,26.7,17.2,1.5,1.5,0.0
Antananarivo,2025-04-21,27.1,16.3,7.8,7.8,0.0
Antananarivo,2025-04-22,26.2,16.0,7.7,7.7,0.0
Antananarivo,2025-04-23,27.1,16.7,0.6,0.6,0.0
Antananarivo,2025-04-24,26.1,17.3,0.2,0.2,0.0
Antananarivo,2025-04-25,25.5,15.4,0.0,0.0,0.0
Antananarivo,2025-04-26,25.7,16.9,0.0,0.0,0.0
Antananarivo,2025-04-27,24.8,15.2,1.0,1.0,0.0
Antananarivo,2025-04-28,25.0,15.4,3.0,3.0,0.0
Antananarivo,2025-04-29,23.7,16.7,0.5,0.5,0.0
Antananarivo,2025-04-30,22.4,16.7,0.7,0.7,0.0
Antananarivo,2025-05-01,23.0,17.2,1.9,1.9,0.0
Antananarivo,2025-05-02,24.6,17.0,0.7,0.7,0.0
Antananarivo,2025-05-03,26.1,16.5,0.2,0.2,0.0
Antananarivo,2025-05-04,26.0,16.5,5.5,5.5,0.0
Antananarivo,2025-05-05,23.9,15.6,1.2,1.2,0.0
Antananarivo,2025-05-06,19.3,14.0,2.1,2.1,0.0
Antananarivo,2025-05-07,21.1,14.3,0.0,0.0,0.0
Antananarivo,2025-05-08,22.8,13.9,0.1,0.1,0.0
Antananarivo,2025-05-09,23.6,16.0,3.8,3.8,0.0
Antananarivo,2025-05-10,23.4,16.6,2.6,2.6,0.0
Antananarivo,2025-05-11,24.0,15.6,0.9,0.9,0.0
Antananarivo,2025-05-12,24.6,17.2,4.1,4.1,0.0
Antananarivo,2025-05-13,22.9,15.1,0.0,0.0,0.0
Antananarivo,2025-05-14,22.4,14.7,0.2,0.2,0.0
Antananarivo,2025-05-15,20.5,15.4,0.1,0.1,0.0
Antananarivo,2025-05-16,21.8,14.0,0.1,0.1,0.0
Antananarivo,2025-05-17,22.8,16.1,0.4,0.4,0.0
Antananarivo,2025-05-18,24.0,12.8,0.0,0.0,0.0
Antananarivo,2025-05-19,25.8,14.4,0.0,0.0,0.0
Antananarivo,2025-05-20,25.4,14.8,0.0,0.0,0.0
Antananarivo,2025-05-21,23.9,15.9,0.0,0.0,0.0
Antananarivo,2025-05-22,26.0,13.7,0.0,0.0,0.0
Antananarivo,2025-05-23,21.5,14.5,0.0,0.0,0.0
Antananarivo,2025-05-24,20.9,12.5,0.0,0.0,0.0
Antananarivo,2025-05-25,20.0,10.7,0.0,0.0,0.0
Antananarivo,2025-05-26,19.2,10.9,0.3,0.3,0.0
Antananarivo,2025-05-27,21.4,9.8,0.0,0.0,0.0
Antananarivo,2025-05-28,22.5,12.0,0.0,0.0,0.0
Antananarivo,2025-05-29,21.0,12.4,0.0,0.0,0.0
Antananarivo,2025-05-30,21.5,12.3,0.0,0.0,0.0
Antananarivo,2025-05-31,22.0,8.7,0.0,0.0,0.0
Antananarivo,2025-06-01,20.9,9.4,0.0,0.0,0.0
Antananarivo,2025-06-02,22.2,9.4,0.0,0.0,0.0
Antananarivo,2025-06-03,23.6,10.8,0.0,0.0,0.0
Antananarivo,2025-06-04,24.1,13.2,0.0,0.0,0.0
Antananarivo,2025-06-05,22.3,9.9,0.0,0.0,0.0
Antananarivo,2025-06-06,21.4,12.9,0.0,0.0,0.0
Antananarivo,2025-06-07,22.6,13.0,0.0,0.0,0.0
Antananarivo,2025-06-08,21.9,13.7,0.2,0.2,0.0
Antananarivo,2025-06-09,21.0,10.9,0.1,0.1,0.0
Antananarivo,2025-06-10,20.2,10.4,0.0,0.0,0.0
Antananarivo,2025-06-11,22.2,9.1,0.0,0.0,0.0
Antananarivo,2025-06-12,23.9,8.2,0.0,0.0,0.0
Antananarivo,2025-06-13,21.4,12.7,0.0,0.0,0.0
Antananarivo,2025-06-14,19.1,10.7,0.0,0.0,0.0
Antananarivo,2025-06-15,17.7,10.0,0.0,0.0,0.0
Antananarivo,2025-06-16,19.1,12.7,0.1,0.1,0.0
Antananarivo,2025-06-17,20.4,10.3,0.1,0.1,0.0
Antananarivo,2025-06-18,20.4,10.7,0.0,0.0,0.0
Antananarivo,2025-06-19,22.9,8.3,0.0,0.0,0.0
Antananarivo,2025-06-20,22.9,12.3,0.0,0.0,0.0
Antananarivo,2025-06-21,23.4,11.9,0.0,0.0,0.0
Antananarivo,2025-06-22,22.9,13.2,0.0,0.0,0.0
Antananarivo,2025-06-23,20.9,11.3,0.0,0.0,0.0
Antananarivo,2025-06-24,22.8,12.9,1.7,1.7,0.0
Antananarivo,2025-06-25,20.5,10.3,0.3,0.3,0.0
Antananarivo,2025-06-26,21.8,8.8,0.0,0.0,0.0
Antananarivo,2025-06-27,22.3,11.9,0.3,0.3,0.0
Antananarivo,2025-06-28,22.8,11.6,0.8,0.8,0.0
Antananarivo,2025-06-29,20.6,13.0,5.3,5.3,0.0
Antananarivo,2025-06-30,21.0,9.7,2.8,2.8,0.0
Antananarivo,2025-07-01,20.7,12.0,0.0,0.0,0.0
Antananarivo,2025-07-02,19.0,11.0,0.1,0.1,0.0
Antananarivo,2025-07-03,18.0,10.8,0.0,0.0,0.0
Antananarivo,2025-07-04,17.6,9.8,0.1,0.1,0.0
Antananarivo,2025-07-05,17.6,8.0,0.4,0.4,0.0
Antananarivo,2025-07-06,19.7,6.6,0.3,0.3,0.0
Antananarivo,2025-07-07,20.3,12.6,3.4,3.4,0.0
Antananarivo,2025-07-08,19.3,13.1,0.1,0.1,0.0
Antananarivo,2025-07-09,19.0,12.6,0.5,0.5,0.0
Antananarivo,2025-07-10,19.5,11.4,0.1,0.1,0.0
Antananarivo,2025-07-11,19.1,11.6,0.2,0.2,0.0
Antananarivo,2025-07-12,19.1,11.4,0.0,0.0,0.0
Antananarivo,2025-07-13,21.5,9.5,0.0,0.0,0.0
Antananarivo,2025-07-14,22.1,12.3,0.0,0.0,0.0
Antananarivo,2025-07-15,23.3,12.0,0.0,0.0,0.0
Antananarivo,2025-07-16,22.4,12.4,0.0,0.0,0.0
Antananarivo,2025-07-17,13.3,11.8,,,
Antananarivo,2025-07-18,,,,,
